ALGORITHM;Node 1;Node 2;Seed node;Mult Weight;PRECISION;RECALL;F1;JaccardIndex
tce;39;39;39;6.0;0.8;0.9411764705882353;0.8648648648648648;0.7619047619047619
tce;39;39;39;4.0;0.5;0.17647058823529413;0.2608695652173913;0.15
tce;39;39;39;2.0;0.4444444444444444;0.11764705882352941;0.18604651162790695;0.10256410256410256
