ALGORITHM;Node 1;Node 2;Seed node;Mult Weight;PRECISION;RECALL;F1;JaccardIndex
lte;39;39;39;6.0;1.0;0.029411764705882353;0.05714285714285715;0.029411764705882353
lte;39;39;39;4.0;1.0;0.029411764705882353;0.05714285714285715;0.029411764705882353
lte;39;39;39;2.0;0.9583333333333334;0.6764705882352942;0.7931034482758621;0.6571428571428571
