ALGORITHM;Node 1;Node 2;Seed node;Mult Weight;PRECISION;RECALL;F1;JaccardIndex
newLCD;39;39;39;6.0;0.8378378378378378;0.9117647058823529;0.8732394366197184;0.775
newLCD;39;39;39;4.0;0.8717948717948718;1.0;0.9315068493150686;0.8717948717948718
newLCD;39;39;39;2.0;0.8292682926829268;1.0;0.9066666666666667;0.8292682926829268
