ALGORITHM;Node 1;Node 2;Seed node;Mult Weight;PRECISION;RECALL;F1;JaccardIndex
newLCD;485;485;485;4.0;0.7142857142857143;0.14705882352941177;0.24390243902439024;0.1388888888888889
newLCD;485;485;485;2.0;0.5714285714285714;0.11764705882352941;0.1951219512195122;0.10810810810810811
newLCD;485;485;485;6.0;0.7142857142857143;0.14705882352941177;0.24390243902439024;0.1388888888888889
