ALGORITHM;Node 1;Node 2;Seed node;Mult Weight;PRECISION;RECALL;F1;JaccardIndex
tce;485;485;485;4.0;0.7142857142857143;0.14705882352941177;0.24390243902439024;0.1388888888888889
tce;485;485;485;2.0;0.5;0.08823529411764706;0.15;0.08108108108108109
tce;485;485;485;6.0;0.7142857142857143;0.14705882352941177;0.24390243902439024;0.1388888888888889
