ALGORITHM;Node 1;Node 2;Seed node;Mult Weight;PRECISION;RECALL;F1;JaccardIndex
lte;485;485;485;4.0;1.0;0.058823529411764705;0.1111111111111111;0.058823529411764705
lte;485;485;485;2.0;1.0;0.058823529411764705;0.1111111111111111;0.058823529411764705
lte;485;485;485;6.0;1.0;0.058823529411764705;0.1111111111111111;0.058823529411764705
