ALGORITHM;Node 1;Node 2;Seed node;Mult Weight;PRECISION;RECALL;F1;JaccardIndex
lte;781;781;781;4.0;1.0;0.029411764705882353;0.05714285714285715;0.029411764705882353
lte;781;781;781;6.0;1.0;0.029411764705882353;0.05714285714285715;0.029411764705882353
lte;781;781;781;2.0;1.0;0.029411764705882353;0.05714285714285715;0.029411764705882353
