ALGORITHM;Node 1;Node 2;Seed node;Mult Weight;PRECISION;RECALL;F1;JaccardIndex
newLCD;781;781;781;4.0;0.7727272727272727;1.0;0.8717948717948718;0.7727272727272727
newLCD;781;781;781;6.0;0.7948717948717948;0.9117647058823529;0.8493150684931507;0.7380952380952381
newLCD;781;781;781;2.0;0.8095238095238095;1.0;0.8947368421052632;0.8095238095238095
