ALGORITHM;Node 1;Node 2;Seed node;Mult Weight;PRECISION;RECALL;F1;JaccardIndex
tce;781;781;781;4.0;0.2727272727272727;0.08823529411764706;0.13333333333333333;0.07142857142857142
tce;781;781;781;6.0;0.3333333333333333;0.11764705882352941;0.1739130434782609;0.09523809523809523
tce;781;781;781;2.0;0.23529411764705882;0.11764705882352941;0.15686274509803924;0.0851063829787234
