ALGORITHM;Node 1;Node 2;Seed node;Mult Weight;PRECISION;RECALL;F1;JaccardIndex
lte;298;298;298;6.0;1.0;0.029411764705882353;0.05714285714285715;0.029411764705882353
lte;298;298;298;2.0;0.9714285714285714;1.0;0.9855072463768115;0.9714285714285714
lte;298;298;298;4.0;1.0;0.029411764705882353;0.05714285714285715;0.029411764705882353
