ALGORITHM;Node 1;Node 2;Seed node;Mult Weight;PRECISION;RECALL;F1;JaccardIndex
newLCD;298;298;298;6.0;0.7380952380952381;0.9117647058823529;0.8157894736842106;0.6888888888888889
newLCD;298;298;298;2.0;0.7906976744186046;1.0;0.8831168831168831;0.7906976744186046
newLCD;298;298;298;4.0;0.7727272727272727;1.0;0.8717948717948718;0.7727272727272727
