ALGORITHM;Node 1;Node 2;Seed node;Mult Weight;PRECISION;RECALL;F1;JaccardIndex
tce;298;298;298;6.0;0.7555555555555555;1.0;0.8607594936708861;0.7555555555555555
tce;298;298;298;2.0;0.0784313725490196;0.11764705882352941;0.09411764705882353;0.04938271604938271
tce;298;298;298;4.0;0.7555555555555555;1.0;0.8607594936708861;0.7555555555555555
