ALGORITHM;Node 1;Node 2;Seed node;Mult Weight;PRECISION;RECALL;F1;JaccardIndex
lte;174;174;174;4.0;1.0;0.058823529411764705;0.1111111111111111;0.058823529411764705
lte;174;174;174;6.0;1.0;0.058823529411764705;0.1111111111111111;0.058823529411764705
lte;174;174;174;2.0;1.0;0.20588235294117646;0.34146341463414637;0.20588235294117646
