ALGORITHM;Node 1;Node 2;Seed node;Mult Weight;PRECISION;RECALL;F1;JaccardIndex
newLCD;174;174;174;4.0;0.8421052631578947;0.9411764705882353;0.8888888888888888;0.8
newLCD;174;174;174;6.0;0.8421052631578947;0.9411764705882353;0.8888888888888888;0.8
newLCD;174;174;174;2.0;0.8421052631578947;0.9411764705882353;0.8888888888888888;0.8
